<?xml version="1.0" encoding="UTF-8"?>
<beans:beans xmlns="http://www.springframework.org/schema/mvc"
	xmlns:xsi="http://www.w3.org/2001/XMLSchema-instance"
	xmlns:beans="http://www.springframework.org/schema/beans"
	xmlns:context="http://www.springframework.org/schema/context"
	xsi:schemaLocation="http://www.springframework.org/schema/mvc https://www.springframework.org/schema/mvc/spring-mvc.xsd
		http://www.springframework.org/schema/beans https://www.springframework.org/schema/beans/spring-beans.xsd
		http://www.springframework.org/schema/context https://www.springframework.org/schema/context/spring-context.xsd">

	<!-- DispatcherServlet Context: defines this servlet's request-processing infrastructure -->
	
	<!-- Enables the Spring MVC @Controller programming model -->
	<annotation-driven />

	<!-- Handles HTTP GET requests for /resources/** by efficiently serving up static resources in the ${webappRoot}/resources directory -->
	<resources mapping="/resources/**" location="/resources/" />

	<!-- Resolves views selected for rendering by @Controllers to .jsp resources in the /WEB-INF/views directory -->
	<beans:bean class="org.springframework.web.servlet.view.InternalResourceViewResolver">
		<beans:property name="prefix" value="/WEB-INF/views/" />
		<beans:property name="suffix" value=".jsp" />
	</beans:bean>
	
	<!-- <context:component-scan base-package="com.ic.shoppingmall"/> -->
	<!-- 수동생성 -->
	
	<beans:bean class = "com.ic.shoppingmall.HomeController"/>
	<beans:bean class = "com.ic.shoppingmall.MainController">
		<beans:property name = "member_dao" ref = "member_dao"/>
		<beans:property name = "product_dao" ref = "product_dao"/>
		<beans:property name = "orderprod_dao" ref = "orderprod_dao"/>
		<beans:property name = "instock_dao" ref = "instock_dao"/>
		<beans:property name = "stock_dao" ref = "stock_dao"/>
		<beans:property name = "outstock_dao" ref = "outstock_dao"/>
		<beans:property name = "grade_dao" ref = "grade_dao"/>
	</beans:bean>	
	
	<!-- @Autowired 옵션 -->
	<context:annotation-config />
	
</beans:beans>
