<?xml version="1.0" encoding="UTF-8" ?>
<!DOCTYPE mapper
PUBLIC "-//mybatis.org//DTD Mapper 3.0//EN"
"http://mybatis.org/dtd/mybatis-3-mapper.dtd">
<mapper namespace="product">
	
	<!-- 상품 등록 -->
	<insert id = "product_insert" parameterType = "vo.ProductVo">
		insert into product values( seq_product_idx.nextVal, #{ p_name }, #{ p_bKind }, #{ p_sKind }, #{ p_price }, sysdate, #{ p_filename }, #{ p_explain })
	</insert>
	
	<!-- 상품 전체 조회 -->
	<select id = "product_list" resultType = "product">
		select * from product
	</select>
	
	<!-- 상품 조건 조회 -->
	<select id = "product_condition_list" resultType = "product" parameterType="String">
		select * from product where p_name like '%' || #{ search_text } || '%'
	</select>
	
	<!-- 상품 소분류 조회 -->
	<select id = "product_kind_list" resultType = "product" parameterType="String">
		select * from product where p_sKind = #{ p_sKind }
	</select>
	
	<!-- 상품 일련번호로 하나 조회 -->
	<select id = "product_one" resultType = "product" parameterType = "Integer">
		select * from product where p_idx = #{ p_idx }
	</select>
 
</mapper>












