<?xml version="1.0" encoding="UTF-8"?>
<beans xmlns="http://www.springframework.org/schema/beans"
	xmlns:xsi="http://www.w3.org/2001/XMLSchema-instance"
	xsi:schemaLocation="http://www.springframework.org/schema/beans https://www.springframework.org/schema/beans/spring-beans.xsd">
	
	<!-- Root Context: defines shared resources visible to all other web components -->
	<!-- DeptDao dept_dao = new DeptDao(); 
		  dept_dao.setSqlSession(sqlSession);
	-->
	
	<bean id = "member_dao" class = "dao.MemberDao">
		 <property name = "sqlSession" ref = "sqlSessionBean"/>
	</bean>
	
	<bean id = "product_dao" class = "dao.ProductDao">
		 <property name = "sqlSession" ref = "sqlSessionBean"/>
	</bean>
	
		<bean id = "order_dao" class = "dao.OrderDao">
		 <property name = "sqlSession" ref = "sqlSessionBean"/>
	</bean>

</beans>
