<?xml version="1.0" encoding="UTF-8"?>
<beans xmlns="http://www.springframework.org/schema/beans"
	xmlns:xsi="http://www.w3.org/2001/XMLSchema-instance"
	xsi:schemaLocation="http://www.springframework.org/schema/beans https://www.springframework.org/schema/beans/spring-beans.xsd">
	
	<!-- Root Context: defines shared resources visible to all other web components -->
		
	<!-- sqlMapConfig.xml의 역할 담당..
	     SqlSessionFactory  sqlSessionFactory;  
	 -->
	<!-- <bean id="factoryBean" 
			class="org.mybatis.spring.SqlSessionFactoryBean">
		<property name="dataSource" ref="ds" />
		<property name="mapperLocations" 
			value="classpath*:config/mybatis/mapper/*.xml" />
	</bean> -->
	
	<bean id="factoryBean" 
	        class="org.mybatis.spring.SqlSessionFactoryBean">
		<property name="dataSource" ref="ds" /> <!-- => context-1-datasource -->
		<property name="configLocation" 
		          value="classpath:config/mybatis/mybatis-config.xml"/>
	</bean>
	
	<!--  SqlSession sqlSession 생성      -> 인터페이스
	      SqlSessionTemplate  template; -> 클래스
	      => OpenSession 역할
	 -->	
	<bean id="sqlSessionBean" class="org.mybatis.spring.SqlSessionTemplate">
		<constructor-arg ref="factoryBean" />
	</bean>
   
    <!-- bean등록시 기본설정은  scope="singleton" -->
    <!-- <bean id="dao"  class="dao.BoardDao">
    	<property name="sqlMapper"  ref="sqlSession"/>
    </bean> -->
		
</beans>
